video_file_name,label,hate_snippet,target
hate_video_1.mp4,Hate,"[['00:00:34', '00:01:34']]",Blacks
hate_video_2.mp4,Hate,"[['00:00:06', '00:02:06']]",Blacks
non_hate_video_1.mp4,Non Hate,,Others
hate_video_3.mp4,Hate,"[['00:00:03', '00:01:40'], ['00:01:41', '00:03:27']]",Blacks
non_hate_video_2.mp4,Non Hate,,Blacks
hate_video_4.mp4,Hate,"[['00:00:00', '00:00:13']]",Jews
non_hate_video_3.mp4,Non Hate,,Blacks
non_hate_video_4.mp4,Non Hate,,Blacks
hate_video_5.mp4,Hate,"[['00:00:00', '00:00:39']]",Blacks
non_hate_video_5.mp4,Non Hate,,Others
hate_video_6.mp4,Hate,"[['00:00:00', '00:01:13']]",Blacks
hate_video_7.mp4,Hate,"[['00:00:00', '00:00:26']]",Blacks
non_hate_video_6.mp4,Non Hate,,Blacks
non_hate_video_7.mp4,Non Hate,,Blacks
hate_video_8.mp4,Hate,"[['00:00:00', '00:00:57']]",Blacks
hate_video_9.mp4,Hate,"[['00:00:07', '00:02:24']]",Blacks
non_hate_video_8.mp4,Non Hate,,Others
non_hate_video_9.mp4,Non Hate,,Others
hate_video_10.mp4,Hate,"[['00:00:00', '00:00:38']]",Blacks
hate_video_11.mp4,Hate,"[['00:00:00', '00:00:32']]",Blacks
non_hate_video_10.mp4,Non Hate,,Blacks
hate_video_12.mp4,Hate,"[['00:00:17', '00:01:17']]",Blacks
non_hate_video_11.mp4,Non Hate,,Blacks
non_hate_video_12.mp4,Non Hate,,Others
non_hate_video_13.mp4,Non Hate,,Others
non_hate_video_14.mp4,Non Hate,,Blacks
non_hate_video_15.mp4,Non Hate,,Blacks
hate_video_13.mp4,Hate,"[['00:00:00', '00:03:05']]",Blacks
non_hate_video_16.mp4,Non Hate,,Blacks
non_hate_video_17.mp4,Non Hate,,Others
non_hate_video_18.mp4,Non Hate,,Blacks
hate_video_14.mp4,Hate,"[['00:00:45', '00:02:40']]",Blacks
non_hate_video_19.mp4,Non Hate,,Others
hate_video_15.mp4,Hate,"[['00:00:07', '00:00:47']]",Whites
non_hate_video_20.mp4,Non Hate,,Blacks
hate_video_16.mp4,Hate,"[['00:01:06', '00:01:53']]",Blacks
hate_video_17.mp4,Hate,"[['00:00:01', '00:00:03']]",Blacks
non_hate_video_21.mp4,Non Hate,,Blacks
non_hate_video_22.mp4,Non Hate,,
non_hate_video_23.mp4,Non Hate,,Blacks
non_hate_video_24.mp4,Non Hate,,
non_hate_video_25.mp4,Non Hate,,
non_hate_video_26.mp4,Non Hate,,
non_hate_video_27.mp4,Non Hate,,Blacks
hate_video_18.mp4,Hate,"[['00:00:00', '00:00:51']]",Blacks
non_hate_video_28.mp4,Non Hate,,
hate_video_19.mp4,Hate,"[['00:00:00', '00:00:42']]",Blacks
hate_video_20.mp4,Hate,"[['00:00:00', '00:02:12']]",Blacks
non_hate_video_29.mp4,Non Hate,,
non_hate_video_30.mp4,Non Hate,,
hate_video_21.mp4,Hate,"[['00:00:01', '00:02:22']]","Blacks,Jews"
non_hate_video_31.mp4,Non Hate,,
hate_video_22.mp4,Hate,"[['00:00:04', '00:02:23']]",Blacks
non_hate_video_32.mp4,Non Hate,,Blacks
non_hate_video_33.mp4,Non Hate,,
non_hate_video_34.mp4,Non Hate,,
hate_video_23.mp4,Hate,"[['00:00:00', '00:02:35']]",Blacks
non_hate_video_35.mp4,Non Hate,,Blacks
hate_video_24.mp4,Hate,"[['00:00:10', '00:04:21']]",Blacks
non_hate_video_36.mp4,Non Hate,,
non_hate_video_37.mp4,Non Hate,,Blacks
non_hate_video_38.mp4,Non Hate,,Blacks
non_hate_video_39.mp4,Non Hate,,Blacks
non_hate_video_40.mp4,Non Hate,,Blacks
non_hate_video_41.mp4,Non Hate,,Others
non_hate_video_42.mp4,Non Hate,,Others
non_hate_video_43.mp4,Non Hate,,Others
hate_video_25.mp4,Hate,"[['00:00:11', '00:02:58']]",Blacks
non_hate_video_44.mp4,Non Hate,,Others
hate_video_26.mp4,Hate,"[['00:00:05', '00:00:56']]",Whites
non_hate_video_45.mp4,Non Hate,,Others
non_hate_video_46.mp4,Non Hate,,Others
hate_video_27.mp4,Hate,"[['00:00:03', '00:00:17']]",Blacks
hate_video_28.mp4,Hate,"[['00:00:16', '00:00:47']]",Blacks
non_hate_video_47.mp4,Non Hate,,Others
hate_video_29.mp4,Hate,"[['00:00:34', '00:02:31'], ['00:03:07', '00:03:44'], ['00:04:04', '00:04:50'], ['00:05:11', '00:05:58'], ['00:06:14', '00:06:54'], ['00:07:08', '00:08:01'], ['00:09:45', '00:10:18']]",Blacks
hate_video_30.mp4,Hate,"[['00:00:05', '00:03:41']]",Blacks
non_hate_video_48.mp4,Non Hate,,Others
hate_video_31.mp4,Hate,"[['00:00:26', '00:03:52']]",Blacks
hate_video_32.mp4,Hate,"[['00:00:09', '00:03:00']]",Blacks
hate_video_33.mp4,Hate,"[['00:00:05', '00:01:55']]",Blacks
hate_video_34.mp4,Hate,"[['00:00:05', '00:02:48']]",Blacks
non_hate_video_49.mp4,Non Hate,,Blacks
non_hate_video_50.mp4,Non Hate,,Blacks
non_hate_video_51.mp4,Non Hate,,Others
non_hate_video_52.mp4,Non Hate,,Blacks
non_hate_video_53.mp4,Non Hate,,Others
non_hate_video_54.mp4,Non Hate,,Others
hate_video_35.mp4,Hate,"[['00:00:08', '00:00:27']]",Others
hate_video_36.mp4,Hate,"[['00:00:07', '00:00:24']]",Blacks
non_hate_video_55.mp4,Non Hate,,Others
hate_video_37.mp4,Hate,"[['00:00:06', '00:04:22']]",Blacks
hate_video_38.mp4,Hate,"[['00:00:01', '00:00:59']]",Blacks
hate_video_39.mp4,Hate,"[['00:00:22', '00:02:24']]",Blacks
hate_video_40.mp4,Hate,"[['00:00:17', '00:02:59']]",Blacks
hate_video_41.mp4,Hate,"[['00:00:12', '00:03:35']]",Blacks
non_hate_video_56.mp4,Non Hate,,Others
hate_video_42.mp4,Hate,"[['00:00:09', '00:00:32']]",Blacks
non_hate_video_57.mp4,Non Hate,,Blacks
hate_video_43.mp4,Hate,"[['00:00:04', '00:00:58']]",Blacks
non_hate_video_58.mp4,Non Hate,,"Whites,Blacks"
hate_video_44.mp4,Hate,"[['00:00:00', '00:04:49']]",Blacks
non_hate_video_59.mp4,Non Hate,,Blacks
non_hate_video_60.mp4,Non Hate,,Blacks
hate_video_45.mp4,Hate,"[['00:00:00', '00:02:09']]",Blacks
hate_video_46.mp4,Hate,"[['00:00:21', '00:02:21']]",Blacks
non_hate_video_61.mp4,Non Hate,,Others
hate_video_47.mp4,Hate,"[['00:00:00', '00:00:06'], ['00:00:51', '00:00:58'], ['00:01:03', '00:01:09']]",Blacks
hate_video_48.mp4,Hate,"[['00:00:18', '00:00:24']]",Blacks
hate_video_49.mp4,Hate,"[['00:00:01', '00:01:21']]","Muslims,Blacks,Jews"
non_hate_video_62.mp4,Non Hate,,Blacks
non_hate_video_63.mp4,Non Hate,,Others
hate_video_50.mp4,Hate,"[['00:00:19', '00:00:34'], ['00:01:12', '00:01:40']]",Blacks
non_hate_video_64.mp4,Non Hate,,Others
hate_video_51.mp4,Hate,"[['00:01:05', '00:01:07']]",Blacks
non_hate_video_65.mp4,Non Hate,,Others
non_hate_video_66.mp4,Non Hate,,Others
non_hate_video_67.mp4,Non Hate,,Others
non_hate_video_68.mp4,Non Hate,,Others
hate_video_52.mp4,Hate,"[['00:00:08', '00:00:45'], ['00:01:12', '00:01:40']]",Blacks
hate_video_53.mp4,Hate,"[['00:00:00', '00:00:10'], ['00:00:14', '00:00:26'], ['00:00:49', '00:00:52'], ['00:00:56', '00:01:01'], ['00:01:07', '00:01:08'], ['00:01:41', '00:01:58'], ['00:02:07', '00:02:21'], ['00:02:39', '00:02:46'], ['00:02:52', '00:02:56']]","Blacks,Jews"
non_hate_video_69.mp4,Non Hate,,Others
non_hate_video_70.mp4,Non Hate,,Others
hate_video_54.mp4,Hate,"[['00:00:45', '00:00:48'], ['00:00:56', '00:01:04'], ['00:01:08', '00:01:28'], ['00:01:30', '00:01:37'], ['00:01:53', '00:01:57'], ['00:02:04', '00:02:13'], ['00:02:17', '00:02:43']]",Blacks
hate_video_55.mp4,Hate,"[['00:00:04', '00:00:10'], ['00:00:42', '00:00:44'], ['00:01:06', '00:01:11']]",Blacks
hate_video_56.mp4,Hate,"[['00:00:00', '00:00:32']]",Blacks
hate_video_57.mp4,Hate,"[['00:00:22', '00:00:24']]",Muslims
hate_video_58.mp4,Hate,"[['00:00:45', '00:00:52'], ['00:00:58', '00:01:02'], ['00:02:04', '00:02:11'], ['00:02:27', '00:02:33'], ['00:03:03', '00:03:19'], ['00:03:58', '00:04:05']]",Blacks
non_hate_video_71.mp4,Non Hate,,Others
non_hate_video_72.mp4,Non Hate,,Blacks
non_hate_video_73.mp4,Non Hate,,Others
non_hate_video_74.mp4,Non Hate,,Others
hate_video_59.mp4,Hate,"[['00:00:08', '00:00:45'], ['00:01:12', '00:01:40']]",Blacks
hate_video_60.mp4,Hate,"[['00:00:11', '00:00:49'], ['00:00:49', '00:00:56'], ['00:01:07', '00:01:18'], ['00:01:07', '00:01:54']]",Blacks
non_hate_video_75.mp4,Non Hate,,Others
non_hate_video_76.mp4,Non Hate,,Others
non_hate_video_77.mp4,Non Hate,,Others
non_hate_video_78.mp4,Non Hate,,Others
non_hate_video_79.mp4,Non Hate,,Others
non_hate_video_80.mp4,Non Hate,,Others
hate_video_61.mp4,Hate,"[['00:00:23', '00:00:26'], ['00:00:30', '00:00:48'], ['00:01:53', '00:02:26'], ['00:02:37', '00:02:39'], ['00:02:55', '00:02:56']]",Blacks
non_hate_video_81.mp4,Non Hate,,Others
non_hate_video_82.mp4,Non Hate,,Others
non_hate_video_83.mp4,Non Hate,,Others
non_hate_video_84.mp4,Non Hate,,Others
non_hate_video_85.mp4,Non Hate,,Others
hate_video_62.mp4,Hate,"[['00:00:09', '00:00:10'], ['00:00:49', '00:00:52'], ['00:01:31', '00:01:50'], ['00:02:03', '00:02:31']]",Blacks
hate_video_63.mp4,Hate,"[['00:00:08', '00:00:45'], ['00:01:12', '00:01:40']]",Blacks
non_hate_video_86.mp4,Non Hate,,Others
non_hate_video_87.mp4,Non Hate,,Others
hate_video_64.mp4,Hate,"[['00:00:32', '00:00:37'], ['00:01:09', '00:01:12'], ['00:01:15', '00:01:17']]",Blacks
non_hate_video_88.mp4,Non Hate,,Others
non_hate_video_89.mp4,Non Hate,,Others
non_hate_video_90.mp4,Non Hate,,Others
non_hate_video_91.mp4,Non Hate,,Others
non_hate_video_92.mp4,Non Hate,,Others
hate_video_65.mp4,Hate,"[['00:00:11', '00:00:28'], ['00:00:38', '00:00:47'], ['00:01:04', '00:01:11'], ['00:01:30', '00:01:38'], ['00:01:43', '00:01:48'], ['00:01:58', '00:02:08'], ['00:02:25', '00:02:33'], ['00:02:49', '00:02:58'], ['00:03:04', '00:03:07'], ['00:03:09', '00:03:18'], ['00:03:27', '00:03:38'], ['00:03:40', '00:04:04']]",Blacks
hate_video_66.mp4,Hate,"[['00:00:15', '00:01:46']]",Blacks
non_hate_video_93.mp4,Non Hate,,Others
hate_video_67.mp4,Hate,"[['00:00:05', '00:00:13'], ['00:00:18', '00:00:35'], ['00:00:37', '00:00:46'], ['00:00:52', '00:01:01'], ['00:01:04', '00:01:11'], ['00:01:12', '00:01:23']]",Blacks
hate_video_68.mp4,Hate,"[['00:00:59', '00:01:08']]",LGBTQ
non_hate_video_94.mp4,Non Hate,,Others
hate_video_69.mp4,Hate,"[['00:00:00', '00:00:01'], ['00:00:04', '00:00:10'], ['00:00:15', '00:00:17']]",Blacks
non_hate_video_95.mp4,Non Hate,,Others
hate_video_70.mp4,Hate,"[['00:00:54', '00:01:47'], ['00:02:30', '00:03:35']]",Blacks
hate_video_71.mp4,Hate,"[['00:00:49', '00:01:02'], ['00:01:04', '00:02:32']]",Jews
non_hate_video_96.mp4,Non Hate,,Others
non_hate_video_97.mp4,Non Hate,,"Blacks,Others"
non_hate_video_98.mp4,Non Hate,,Blacks
non_hate_video_99.mp4,Non Hate,,Others
non_hate_video_100.mp4,Non Hate,,Others
hate_video_72.mp4,Hate,"[['00:00:00', '00:00:19']]",Blacks
non_hate_video_101.mp4,Non Hate,,Others
non_hate_video_102.mp4,Non Hate,,Others
non_hate_video_103.mp4,Non Hate,,Others
non_hate_video_104.mp4,Non Hate,,Others
non_hate_video_105.mp4,Non Hate,,Others
non_hate_video_106.mp4,Non Hate,,Others
hate_video_73.mp4,Hate,"[['00:00:03', '00:00:05'], ['00:00:08', '00:00:19'], ['00:00:26', '00:00:29'], ['00:00:30', '00:00:41'], ['00:00:46', '00:01:17'], ['00:01:19', '00:01:32'], ['00:02:21', '00:02:33'], ['00:02:35', '00:02:40']]","Asian,Blacks,Jews"
hate_video_74.mp4,Hate,"[['00:00:15', '00:01:12']]",Blacks
hate_video_75.mp4,Hate,"[['00:00:33', '00:02:26']]",Blacks
non_hate_video_107.mp4,Non Hate,,Jews
non_hate_video_108.mp4,Non Hate,,Others
non_hate_video_109.mp4,Non Hate,,Blacks
non_hate_video_110.mp4,Non Hate,,Whites
hate_video_76.mp4,Hate,"[['00:00:12', '00:02:55']]",Jews
non_hate_video_111.mp4,Non Hate,,Others
non_hate_video_112.mp4,Non Hate,,Others
non_hate_video_113.mp4,Non Hate,,Jews
non_hate_video_114.mp4,Non Hate,,Others
non_hate_video_115.mp4,Non Hate,,Others
non_hate_video_116.mp4,Non Hate,,Others
non_hate_video_117.mp4,Non Hate,,Others
non_hate_video_118.mp4,Non Hate,,Others
non_hate_video_119.mp4,Non Hate,,Others
hate_video_77.mp4,Hate,"[['00:00:00', '00:00:07']]",Blacks
non_hate_video_120.mp4,Non Hate,,Others
non_hate_video_121.mp4,Non Hate,,Others
hate_video_78.mp4,Hate,"[['00:00:04', '00:03:11']]",Blacks
non_hate_video_122.mp4,Non Hate,,Others
non_hate_video_123.mp4,Non Hate,,Others
non_hate_video_124.mp4,Non Hate,,Others
hate_video_79.mp4,Hate,"[['00:01:27', '00:02:15'], ['00:02:34', '00:03:33']]",Blacks
non_hate_video_125.mp4,Non Hate,,Blacks
non_hate_video_126.mp4,Non Hate,,Blacks
hate_video_80.mp4,Hate,"[['00:01:48', '00:03:08'], ['00:05:10', '00:05:18'], ['00:07:13', '00:07:35']]",Blacks
non_hate_video_127.mp4,Non Hate,,Others
non_hate_video_128.mp4,Non Hate,,Others
hate_video_81.mp4,Hate,"[['00:00:33', '00:00:39']]",Blacks
hate_video_82.mp4,Hate,"[['00:00:33', '00:00:37'], ['00:00:41', '00:00:43']]",Blacks
hate_video_83.mp4,Hate,"[['00:00:07', '00:00:09'], ['00:00:09', '00:00:14'], ['00:00:29', '00:00:37'], ['00:01:39', '00:01:42'], ['00:01:47', '00:01:50'], ['00:01:57', '00:02:05'], ['00:03:10', '00:03:14'], ['00:03:25', '00:03:36']]",Blacks
hate_video_84.mp4,Hate,"[['00:00:15', '00:00:18'], ['00:00:24', '00:00:27'], ['00:00:41', '00:00:50'], ['00:01:18', '00:01:26']]",Blacks
non_hate_video_129.mp4,Non Hate,,Blacks
non_hate_video_130.mp4,Non Hate,,Blacks
hate_video_85.mp4,Hate,"[['00:00:16', '00:00:21'], ['00:00:23', '00:00:27']]",Blacks
non_hate_video_131.mp4,Non Hate,,Blacks
non_hate_video_132.mp4,Non Hate,,Others
hate_video_86.mp4,Hate,"[['00:00:03', '00:00:16'], ['00:00:19', '00:00:31'], ['00:00:32', '00:00:37'], ['00:00:38', '00:00:44'], ['00:00:48', '00:00:58'], ['00:01:03', '00:01:05'], ['00:01:25', '00:01:36'], ['00:01:38', '00:01:51'], ['00:01:51', '00:02:03'], ['00:02:04', '00:02:15'], ['00:02:16', '00:02:25']]",Blacks
hate_video_87.mp4,Hate,"[['00:01:25', '00:01:28'], ['00:04:09', '00:04:11'], ['00:06:51', '00:07:51']]",Blacks
non_hate_video_133.mp4,Non Hate,,Others
hate_video_88.mp4,Hate,"[['00:00:07', '00:00:09'], ['00:00:09', '00:00:14'], ['00:00:29', '00:00:37'], ['00:01:01', '00:01:04'], ['00:01:39', '00:01:42'], ['00:01:48', '00:01:50'], ['00:01:57', '00:02:05']]",Blacks
non_hate_video_134.mp4,Non Hate,,Others
hate_video_89.mp4,Hate,"[['00:00:38', '00:00:52'], ['00:00:57', '00:01:15'], ['00:01:16', '00:01:33'], ['00:01:35', '00:01:52'], ['00:01:53', '00:01:57'], ['00:01:58', '00:02:07'], ['00:02:09', '00:02:29']]",Blacks
hate_video_90.mp4,Hate,"[['00:00:26', '00:00:34']]",Blacks
hate_video_91.mp4,Hate,"[['00:00:28', '00:00:31'], ['00:00:38', '00:00:42'], ['00:00:54', '00:00:57'], ['00:01:02', '00:01:08']]",Blacks
non_hate_video_135.mp4,Non Hate,,Others
hate_video_92.mp4,Hate,"[['00:00:03', '00:00:05'], ['00:00:22', '00:00:25']]",Blacks
non_hate_video_136.mp4,Non Hate,,Others
non_hate_video_137.mp4,Non Hate,,Others
non_hate_video_138.mp4,Non Hate,,Blacks
non_hate_video_139.mp4,Non Hate,,Others
hate_video_93.mp4,Hate,"[['00:00:34', '00:00:36'], ['00:00:39', '00:00:41'], ['00:00:42', '00:00:45']]",Blacks
non_hate_video_140.mp4,Non Hate,,Others
non_hate_video_141.mp4,Non Hate,,Others
hate_video_94.mp4,Hate,"[['00:00:00', '00:00:06'], ['00:00:13', '00:00:32'], ['00:00:35', '00:00:37']]",Blacks
non_hate_video_142.mp4,Non Hate,,Others
non_hate_video_143.mp4,Non Hate,,Blacks
non_hate_video_144.mp4,Non Hate,,Blacks
non_hate_video_145.mp4,Non Hate,,Others
non_hate_video_146.mp4,Non Hate,,Others
non_hate_video_147.mp4,Non Hate,,Others
non_hate_video_148.mp4,Non Hate,,Others
non_hate_video_149.mp4,Non Hate,,Others
non_hate_video_150.mp4,Non Hate,,Others
non_hate_video_151.mp4,Non Hate,,Others
hate_video_95.mp4,Hate,"[['00:05:22', '00:05:40'], ['00:05:58', '00:06:25']]",Whites
hate_video_96.mp4,Hate,"[['00:01:14', '00:01:16'], ['00:02:04', '00:02:11']]",Blacks
non_hate_video_152.mp4,Non Hate,,Others
hate_video_97.mp4,Hate,"[['00:01:15', '00:01:17'], ['00:01:18', '00:01:21'], ['00:01:23', '00:01:27'], ['00:01:29', '00:01:33'], ['00:01:33', '00:01:36'], ['00:01:37', '00:02:06']]",Blacks
hate_video_98.mp4,Hate,"[['00:00:18', '00:00:29'], ['00:00:55', '00:01:32'], ['00:01:35', '00:03:07'], ['00:04:12', '00:04:23'], ['00:04:44', '00:05:05'], ['00:05:15', '00:05:33'], ['00:05:35', '00:06:12'], ['00:06:40', '00:07:12'], ['00:08:12', '00:08:30'], ['00:08:34', '00:09:01'], ['00:09:11', '00:09:47'], ['00:10:07', '00:10:15'], ['00:10:22', '00:10:27'], ['00:10:45', '00:11:08'], ['00:11:13', '00:11:24']]",Blacks
non_hate_video_153.mp4,Non Hate,,Others
hate_video_99.mp4,Hate,"[['00:00:10', '00:00:34'], ['00:00:42', '00:01:04'], ['00:01:15', '00:01:35'], ['00:01:37', '00:02:16']]",Blacks
non_hate_video_154.mp4,Non Hate,,Blacks
non_hate_video_155.mp4,Non Hate,,Others
non_hate_video_156.mp4,Non Hate,,Blacks
hate_video_100.mp4,Hate,"[['00:00:07', '00:00:09'], ['00:00:09', '00:00:14'], ['00:00:29', '00:00:37'], ['00:01:01', '00:01:04'], ['00:01:39', '00:01:42'], ['00:01:46', '00:01:49'], ['00:01:57', '00:02:05']]",Blacks
non_hate_video_157.mp4,Non Hate,,Others
non_hate_video_158.mp4,Non Hate,,Others
non_hate_video_159.mp4,Non Hate,,Others
non_hate_video_160.mp4,Non Hate,,Others
non_hate_video_161.mp4,Non Hate,,Others
hate_video_101.mp4,Hate,"[['00:01:29', '00:01:37']]",Blacks
hate_video_102.mp4,Hate,"[['00:00:05', '00:00:06'], ['00:00:08', '00:00:12'], ['00:00:26', '00:00:34'], ['00:00:26', '00:00:34'], ['00:00:56', '00:00:59'], ['00:01:32', '00:01:34'], ['00:01:39', '00:01:41'], ['00:01:47', '00:01:58']]",Blacks
hate_video_103.mp4,Hate,"[['00:00:00', '00:00:19']]",Blacks
hate_video_104.mp4,Hate,"[['00:00:44', '00:00:52'], ['00:03:30', '00:03:44'], ['00:03:55', '00:03:58'], ['00:04:47', '00:04:52'], ['00:05:47', '00:05:54']]",Blacks
non_hate_video_162.mp4,Non Hate,,Others
hate_video_105.mp4,Hate,"[['00:00:08', '00:00:09'], ['00:00:19', '00:01:06'], ['00:01:18', '00:01:21'], ['00:01:22', '00:01:27'], ['00:01:29', '00:01:32'], ['00:01:34', '00:01:40']]",Blacks
non_hate_video_163.mp4,Non Hate,,Blacks
non_hate_video_164.mp4,Non Hate,,Others
hate_video_106.mp4,Hate,"[['00:00:33', '00:00:40'], ['00:00:43', '00:00:47'], ['00:00:58', '00:01:03'], ['00:02:57', '00:03:20'], ['00:03:36', '00:03:47']]","Muslims,Blacks,LGBTQ"
non_hate_video_165.mp4,Non Hate,,Others
non_hate_video_166.mp4,Non Hate,,Others
hate_video_107.mp4,Hate,"[['00:00:25', '00:00:28'], ['00:00:57', '00:01:16'], ['00:07:04', '00:07:07'], ['00:09:46', '00:09:59']]",Blacks
non_hate_video_167.mp4,Non Hate,,Others
non_hate_video_168.mp4,Non Hate,,Others
non_hate_video_169.mp4,Non Hate,,Others
non_hate_video_170.mp4,Non Hate,,Others
non_hate_video_171.mp4,Non Hate,,Others
non_hate_video_172.mp4,Non Hate,,Blacks
non_hate_video_173.mp4,Non Hate,,Others
hate_video_108.mp4,Hate,"[['00:00:00', '00:00:01']]",Blacks
hate_video_109.mp4,Hate,"[['00:00:13', '00:03:33']]",Jews
non_hate_video_174.mp4,Non Hate,,Others
hate_video_110.mp4,Hate,"[['00:00:34', '00:00:40']]",Blacks
non_hate_video_175.mp4,Non Hate,,Blacks
hate_video_111.mp4,Hate,"[['00:00:22', '00:00:33']]",Blacks
non_hate_video_176.mp4,Non Hate,,Others
non_hate_video_177.mp4,Non Hate,,Others
hate_video_112.mp4,Hate,"[['00:00:05', '00:02:55']]",Whites
non_hate_video_178.mp4,Non Hate,,Others
non_hate_video_179.mp4,Non Hate,,Jews
non_hate_video_180.mp4,Non Hate,,Others
non_hate_video_181.mp4,Non Hate,,Others
hate_video_113.mp4,Hate,"[['00:00:22', '00:02:20']]",Blacks
non_hate_video_182.mp4,Non Hate,,Others
non_hate_video_183.mp4,Non Hate,,Others
non_hate_video_184.mp4,Non Hate,,Others
hate_video_114.mp4,Hate,"[['00:00:20', '00:02:03'], ['00:02:10', '00:02:41']]",Sexits
hate_video_115.mp4,Hate,"[['00:00:09', '00:01:25']]",Blacks
non_hate_video_185.mp4,Non Hate,,Others
hate_video_116.mp4,Hate,"[['00:00:02', '00:00:37']]",Sexits
non_hate_video_186.mp4,Non Hate,,Others
non_hate_video_187.mp4,Non Hate,,Blacks
non_hate_video_188.mp4,Non Hate,,Others
hate_video_117.mp4,Hate,"[['00:00:01', '00:00:15']]",Blacks
hate_video_118.mp4,Hate,"[['00:00:01', '00:02:44']]",Blacks
hate_video_119.mp4,Hate,"[['00:00:02', '00:03:52']]","Blacks,LGBTQ"
hate_video_120.mp4,Hate,"[['00:00:09', '00:01:58']]",Blacks
non_hate_video_189.mp4,Non Hate,,Muslims
hate_video_121.mp4,Hate,"[['00:00:02', '00:03:06']]","Muslims,Blacks"
non_hate_video_190.mp4,Non Hate,,Muslims
hate_video_122.mp4,Hate,"[['00:00:06', '00:02:40']]","Sexits,Muslims"
non_hate_video_191.mp4,Non Hate,,Others
hate_video_123.mp4,Hate,"[['00:00:01', '00:00:22']]",Blacks
non_hate_video_192.mp4,Non Hate,,Others
non_hate_video_193.mp4,Non Hate,,Others
non_hate_video_194.mp4,Non Hate,,Whites
hate_video_124.mp4,Hate,"[['00:00:00', '00:00:42']]",Blacks
non_hate_video_195.mp4,Non Hate,,Others
non_hate_video_196.mp4,Non Hate,,Others
hate_video_125.mp4,Hate,"[['00:00:04', '00:02:04']]",Blacks
non_hate_video_197.mp4,Non Hate,,Others
non_hate_video_198.mp4,Non Hate,,Others
hate_video_126.mp4,Hate,"[['00:00:02', '00:01:41']]",Blacks
non_hate_video_199.mp4,Non Hate,,Others
non_hate_video_200.mp4,Non Hate,,Others
hate_video_127.mp4,Hate,"[['00:00:13', '00:03:31']]",Jews
non_hate_video_201.mp4,Non Hate,,Jews
hate_video_128.mp4,Hate,"[['00:01:31', '00:02:20'], ['00:03:48', '00:04:10'], ['00:05:02', '00:05:21'], ['00:07:05', '00:07:21'], ['00:07:05', '00:07:30'], ['00:08:15', '00:08:30']]","Sexits,Blacks,LGBTQ"
non_hate_video_202.mp4,Non Hate,,Others
non_hate_video_203.mp4,Non Hate,,"Whites,Blacks"
non_hate_video_204.mp4,Non Hate,,Blacks
non_hate_video_205.mp4,Non Hate,,Others
non_hate_video_206.mp4,Non Hate,,Others
hate_video_129.mp4,Hate,"[['00:00:06', '00:02:38']]",Blacks
non_hate_video_207.mp4,Non Hate,,Others
non_hate_video_208.mp4,Non Hate,,Jews
non_hate_video_209.mp4,Non Hate,,Others
hate_video_130.mp4,Hate,"[['00:00:00', '00:00:21']]",Blacks
hate_video_131.mp4,Hate,"[['00:00:07', '00:01:07']]",Blacks
non_hate_video_210.mp4,Non Hate,,Others
hate_video_132.mp4,Hate,"[['00:00:15', '00:04:10'], ['00:04:32', '00:05:12']]","Whites,Blacks"
non_hate_video_211.mp4,Non Hate,,Blacks
non_hate_video_212.mp4,Non Hate,,Others
non_hate_video_213.mp4,Non Hate,,Jews
non_hate_video_214.mp4,Non Hate,,Others
hate_video_133.mp4,Hate,"[['00:00:18', '00:00:20'], ['00:01:13', '00:01:32']]",Blacks
hate_video_134.mp4,Hate,"[['00:00:01', '00:01:14']]",Blacks
non_hate_video_215.mp4,Non Hate,,Jews
non_hate_video_216.mp4,Non Hate,,Others
hate_video_135.mp4,Hate,"[['00:00:22', '00:00:36']]",Blacks
non_hate_video_217.mp4,Non Hate,,Sexits
hate_video_136.mp4,Hate,"[['00:00:02', '00:01:23']]",Blacks
hate_video_137.mp4,Hate,"[['00:00:02', '00:03:38']]",Blacks
non_hate_video_218.mp4,Non Hate,,Blacks
non_hate_video_219.mp4,Non Hate,,Blacks
non_hate_video_220.mp4,Non Hate,,Blacks
hate_video_138.mp4,Hate,"[['00:00:07', '00:02:05']]",Blacks
non_hate_video_221.mp4,Non Hate,,"Whites,Blacks"
hate_video_139.mp4,Hate,"[['00:00:03', '00:01:02']]",Blacks
non_hate_video_222.mp4,Non Hate,,Blacks
hate_video_140.mp4,Hate,"[['00:00:06', '00:03:24']]",Blacks
non_hate_video_223.mp4,Non Hate,,Blacks
non_hate_video_224.mp4,Non Hate,,Others
non_hate_video_225.mp4,Non Hate,,Others
hate_video_141.mp4,Hate,"[['00:00:10', '00:02:13']]",Blacks
non_hate_video_226.mp4,Non Hate,,"Sexits,Others"
hate_video_142.mp4,Hate,"[['00:00:09', '00:02:41']]",Blacks
hate_video_143.mp4,Hate,"[['00:00:07', '00:00:56']]",Blacks
hate_video_144.mp4,Hate,"[['00:00:04', '00:03:24']]","Blacks,Jews"
non_hate_video_227.mp4,Non Hate,,Blacks
non_hate_video_228.mp4,Non Hate,,Blacks
hate_video_145.mp4,Hate,"[['00:00:00', '00:00:13']]",Blacks
non_hate_video_229.mp4,Non Hate,,Blacks
non_hate_video_230.mp4,Non Hate,,Blacks
hate_video_146.mp4,Hate,"[['00:00:04', '00:00:21']]",Blacks
non_hate_video_231.mp4,Non Hate,,Blacks
non_hate_video_232.mp4,Non Hate,,Blacks
non_hate_video_233.mp4,Non Hate,,Others
non_hate_video_234.mp4,Non Hate,,Others
hate_video_147.mp4,Hate,"[['00:00:07', '00:00:58'], ['00:01:25', '00:02:24']]",Blacks
non_hate_video_235.mp4,Non Hate,,Blacks
non_hate_video_236.mp4,Non Hate,,"Whites,Blacks"
hate_video_148.mp4,Hate,"[['00:00:00', '00:03:00']]","Blacks,Others"
non_hate_video_237.mp4,Non Hate,,Others
non_hate_video_238.mp4,Non Hate,,Others
hate_video_149.mp4,Hate,"[['00:01:13', '00:01:28']]",Blacks
non_hate_video_239.mp4,Non Hate,,"Whites,Blacks"
hate_video_150.mp4,Hate,"[['00:00:00', '00:00:34']]",Blacks
hate_video_151.mp4,Hate,"[['00:00:02', '00:04:54']]",Blacks
hate_video_152.mp4,Hate,"[['00:00:06', '00:02:10']]",Blacks
hate_video_153.mp4,Hate,"[['00:00:02', '00:02:55']]",Blacks
hate_video_154.mp4,Hate,"[['00:00:00', '00:00:26']]",Blacks
hate_video_155.mp4,Hate,"[['00:00:27', '00:00:32'], ['00:00:40', '00:00:56'], ['00:01:08', '00:01:20']]",Blacks
hate_video_156.mp4,Hate,"[['00:02:02', '00:02:40']]",Blacks
hate_video_157.mp4,Hate,"[['00:00:09', '00:02:11']]",Blacks
hate_video_158.mp4,Hate,"[['00:00:13', '00:02:11']]","Whites,Blacks"
non_hate_video_240.mp4,Non Hate,,Others
non_hate_video_241.mp4,Non Hate,,Blacks
non_hate_video_242.mp4,Non Hate,,Others
hate_video_159.mp4,Hate,"[['00:00:02', '00:00:40']]",Blacks
hate_video_160.mp4,Hate,"[['00:00:22', '00:02:55']]",Whites
hate_video_161.mp4,Hate,"[['00:00:01', '00:01:50']]",Blacks
hate_video_162.mp4,Hate,"[['00:00:41', '00:03:06']]",Blacks
non_hate_video_243.mp4,Non Hate,,Others
non_hate_video_244.mp4,Non Hate,,Others
hate_video_163.mp4,Hate,"[['00:00:08', '00:01:58']]",Blacks
hate_video_164.mp4,Hate,"[['00:00:14', '00:01:48']]",Blacks
non_hate_video_245.mp4,Non Hate,,Others
non_hate_video_246.mp4,Non Hate,,Blacks
non_hate_video_247.mp4,Non Hate,,Others
non_hate_video_248.mp4,Non Hate,,Others
non_hate_video_249.mp4,Non Hate,,Blacks
non_hate_video_250.mp4,Non Hate,,Others
non_hate_video_251.mp4,Non Hate,,Others
non_hate_video_252.mp4,Non Hate,,Blacks
non_hate_video_253.mp4,Non Hate,,Whites
non_hate_video_254.mp4,Non Hate,,Others
non_hate_video_255.mp4,Non Hate,,Others
non_hate_video_256.mp4,Non Hate,,Others
non_hate_video_257.mp4,Non Hate,,Others
non_hate_video_258.mp4,Non Hate,,Others
non_hate_video_259.mp4,Non Hate,,Others
non_hate_video_260.mp4,Non Hate,,Others
non_hate_video_261.mp4,Non Hate,,Others
non_hate_video_262.mp4,Non Hate,,Others
non_hate_video_263.mp4,Non Hate,,Others
non_hate_video_264.mp4,Non Hate,,Others
hate_video_165.mp4,Hate,"[['00:00:03', '00:05:21']]",Blacks
non_hate_video_265.mp4,Non Hate,,Others
hate_video_166.mp4,Hate,"[['00:00:03', '00:00:43']]",Blacks
non_hate_video_266.mp4,Non Hate,,Others
non_hate_video_267.mp4,Non Hate,,Blacks
non_hate_video_268.mp4,Non Hate,,Blacks
non_hate_video_269.mp4,Non Hate,,Blacks
non_hate_video_270.mp4,Non Hate,,Others
non_hate_video_271.mp4,Non Hate,,Others
non_hate_video_272.mp4,Non Hate,,Others
non_hate_video_273.mp4,Non Hate,,Others
non_hate_video_274.mp4,Non Hate,,Others
non_hate_video_275.mp4,Non Hate,,Others
non_hate_video_276.mp4,Non Hate,,Others
non_hate_video_277.mp4,Non Hate,,Others
hate_video_167.mp4,Hate,"[['00:00:07', '00:02:50']]",Blacks
hate_video_168.mp4,Hate,"[['00:00:06', '00:00:55'], ['00:01:13', '00:02:35'], ['00:02:49', '00:03:32']]",Blacks
hate_video_169.mp4,Hate,"[['00:01:32', '00:02:20'], ['00:00:25', '00:00:38']]",Blacks
non_hate_video_278.mp4,Non Hate,,Others
non_hate_video_279.mp4,Non Hate,,Others
non_hate_video_280.mp4,Non Hate,,Blacks
non_hate_video_281.mp4,Non Hate,,Others
non_hate_video_282.mp4,Non Hate,,Others
non_hate_video_283.mp4,Non Hate,,Others
hate_video_170.mp4,Hate,"[['00:00:23', '00:02:49']]",Blacks
hate_video_171.mp4,Hate,"[['00:00:08', '00:02:45']]",Blacks
non_hate_video_284.mp4,Non Hate,,Others
hate_video_172.mp4,Hate,"[['00:00:05', '00:00:41'], ['00:00:49', '00:01:45']]",Blacks
non_hate_video_285.mp4,Non Hate,,Blacks
non_hate_video_286.mp4,Non Hate,,Others
non_hate_video_287.mp4,Non Hate,,Others
non_hate_video_288.mp4,Non Hate,,Others
non_hate_video_289.mp4,Non Hate,,Others
non_hate_video_290.mp4,Non Hate,,Others
hate_video_173.mp4,Hate,"[['00:00:01', '00:00:24']]",Blacks
non_hate_video_291.mp4,Non Hate,,Blacks
hate_video_174.mp4,Hate,"[['00:00:12', '00:02:46']]",Blacks
non_hate_video_292.mp4,Non Hate,,Others
hate_video_175.mp4,Hate,"[['00:00:04', '00:00:10']]",Blacks
hate_video_176.mp4,Hate,"[['00:00:00', '00:00:05']]",Blacks
non_hate_video_293.mp4,Non Hate,,Others
non_hate_video_294.mp4,Non Hate,,Others
non_hate_video_295.mp4,Non Hate,,Others
non_hate_video_296.mp4,Non Hate,,Others
non_hate_video_297.mp4,Non Hate,,Others
non_hate_video_298.mp4,Non Hate,,Others
hate_video_177.mp4,Hate,"[['00:02:12', '00:02:20'], ['00:00:07', '00:00:13']]",Jews
non_hate_video_299.mp4,Non Hate,,Blacks
non_hate_video_300.mp4,Non Hate,,Blacks
non_hate_video_301.mp4,Non Hate,,Blacks
hate_video_178.mp4,Hate,"[['00:00:16', '00:03:28']]",Blacks
hate_video_179.mp4,Hate,"[['00:00:03', '00:02:23']]",Blacks
hate_video_180.mp4,Hate,"[['00:00:02', '00:00:08']]",Blacks
non_hate_video_302.mp4,Non Hate,,Others
non_hate_video_303.mp4,Non Hate,,Others
non_hate_video_304.mp4,Non Hate,,Others
non_hate_video_305.mp4,Non Hate,,Others
non_hate_video_306.mp4,Non Hate,,Blacks
hate_video_181.mp4,Hate,"[['00:00:01', '00:00:23']]",Blacks
non_hate_video_307.mp4,Non Hate,,Others
hate_video_182.mp4,Hate,"[['00:00:18', '00:03:49']]",Blacks
hate_video_183.mp4,Hate,"[['00:00:01', '00:00:09']]",Blacks
hate_video_184.mp4,Hate,"[['00:00:06', '00:00:44']]",Blacks
hate_video_185.mp4,Hate,"[['00:00:05', '00:00:21'], ['00:00:31', '00:01:40'], ['00:01:44', '00:03:00']]","Blacks,LGBTQ"
hate_video_186.mp4,Hate,"[['00:00:06', '00:04:06']]",Blacks
hate_video_187.mp4,Hate,"[['00:00:01', '00:00:46']]",Blacks
non_hate_video_308.mp4,Non Hate,,Others
hate_video_188.mp4,Hate,"[['00:00:03', '00:02:21']]",Blacks
hate_video_189.mp4,Hate,"[['00:00:10', '00:01:45']]",Blacks
non_hate_video_309.mp4,Non Hate,,Others
hate_video_190.mp4,Hate,"[['00:00:14', '00:03:04']]",Blacks
non_hate_video_310.mp4,Non Hate,,Blacks
hate_video_191.mp4,Hate,"[['00:00:55', '00:03:38']]",Blacks
non_hate_video_311.mp4,Non Hate,,Blacks
hate_video_192.mp4,Hate,"[['00:00:27', '00:03:18']]",Blacks
non_hate_video_312.mp4,Non Hate,,Blacks
hate_video_193.mp4,Hate,"[['00:00:10', '00:03:45']]",Blacks
non_hate_video_313.mp4,Non Hate,,Blacks
non_hate_video_314.mp4,Non Hate,,Blacks
hate_video_194.mp4,Hate,"[['00:00:00', '00:03:41']]",Jews
hate_video_195.mp4,Hate,"[['00:00:15', '00:01:47'], ['00:02:19', '00:03:37']]",Blacks
hate_video_196.mp4,Hate,"[['00:00:20', '00:01:22'], ['00:01:44', '00:03:32']]",Blacks
hate_video_197.mp4,Hate,"[['00:00:30', '00:02:33'], ['00:02:53', '00:04:07']]",Jews
hate_video_198.mp4,Hate,"[['00:00:16', '00:01:56'], ['00:02:25', '00:03:25']]",Blacks
non_hate_video_315.mp4,Non Hate,,Blacks
hate_video_199.mp4,Hate,"[['00:00:03', '00:03:09']]",Blacks
hate_video_200.mp4,Hate,"[['00:00:10', '00:01:55'], ['00:02:20', '00:03:48']]",Blacks
hate_video_201.mp4,Hate,"[['00:00:34', '00:02:15'], ['00:02:36', '00:04:07']]",Blacks
hate_video_202.mp4,Hate,"[['00:00:27', '00:02:23']]",Jews
hate_video_203.mp4,Hate,"[['00:00:08', '00:01:40']]",Blacks
hate_video_204.mp4,Hate,"[['00:00:15', '00:02:22']]","Blacks,Jews"
hate_video_205.mp4,Hate,"[['00:00:10', '00:03:10']]",Blacks
hate_video_206.mp4,Hate,"[['00:00:15', '00:01:25']]",Blacks
hate_video_207.mp4,Hate,"[['00:00:10', '00:01:28']]",Blacks
hate_video_208.mp4,Hate,"[['00:00:20', '00:01:20'], ['00:02:56', '00:03:56']]",Blacks
hate_video_209.mp4,Hate,"[['00:00:10', '00:03:10']]",Blacks
hate_video_210.mp4,Hate,"[['00:00:00', '00:01:00']]",Others
hate_video_211.mp4,Hate,"[['00:00:50', '00:01:50'], ['00:01:56', '00:03:40']]",Blacks
hate_video_212.mp4,Hate,"[['00:00:20', '00:01:23'], ['00:01:34', '00:02:34']]",Blacks
hate_video_213.mp4,Hate,"[['00:00:02', '00:01:35']]",Blacks
non_hate_video_316.mp4,Non Hate,,Blacks
non_hate_video_317.mp4,Non Hate,,Others
hate_video_214.mp4,Hate,"[['00:00:05', '00:00:12'], ['00:00:15', '00:00:20']]",Blacks
hate_video_215.mp4,Hate,"[['00:00:00', '00:01:23']]",Blacks
hate_video_216.mp4,Hate,"[['00:00:18', '00:01:30'], ['00:02:11', '00:03:12']]",Blacks
hate_video_217.mp4,Hate,"[['00:00:05', '00:01:55']]",Blacks
hate_video_218.mp4,Hate,"[['00:00:05', '00:00:45']]",Blacks
non_hate_video_318.mp4,Non Hate,,Others
non_hate_video_319.mp4,Non Hate,,Blacks
non_hate_video_320.mp4,Non Hate,,Others
non_hate_video_321.mp4,Non Hate,,Others
non_hate_video_322.mp4,Non Hate,,Others
non_hate_video_323.mp4,Non Hate,,Others
non_hate_video_324.mp4,Non Hate,,Others
non_hate_video_325.mp4,Non Hate,,Others
non_hate_video_326.mp4,Non Hate,,Others
hate_video_219.mp4,Hate,"[['00:00:37', '00:01:22'], ['00:01:48', '00:02:27']]",Blacks
non_hate_video_327.mp4,Non Hate,,Others
hate_video_220.mp4,Hate,"[['00:00:00', '00:00:16']]",Blacks
hate_video_221.mp4,Hate,"[['00:00:06', '00:00:50']]",Whites
hate_video_222.mp4,Hate,"[['00:00:23', '00:02:58'], ['00:02:58', '00:04:08']]",Blacks
hate_video_223.mp4,Hate,"[['00:00:05', '00:03:05']]",Blacks
hate_video_224.mp4,Hate,"[['00:00:20', '00:02:26']]",Blacks
hate_video_225.mp4,Hate,"[['00:00:18', '00:01:28']]",Blacks
hate_video_226.mp4,Hate,"[['00:00:00', '00:01:25']]",Blacks
hate_video_227.mp4,Hate,"[['00:00:03', '00:01:42'], ['00:02:01', '00:03:19']]",Blacks
hate_video_228.mp4,Hate,"[['00:00:00', '00:02:10'], ['00:02:10', '00:03:32']]",Blacks
non_hate_video_328.mp4,Non Hate,,Others
hate_video_229.mp4,Hate,"[['00:00:07', '00:02:51']]",Blacks
hate_video_230.mp4,Hate,"[['00:00:58', '00:03:40']]",Jews
hate_video_231.mp4,Hate,"[['00:00:10', '00:02:43']]",Blacks
hate_video_232.mp4,Hate,"[['00:00:13', '00:03:10']]",Blacks
hate_video_233.mp4,Hate,"[['00:00:24', '00:02:00']]",Blacks
hate_video_234.mp4,Hate,"[['00:00:05', '00:02:09']]","Blacks,Jews"
hate_video_235.mp4,Hate,"[['00:00:10', '00:03:00']]",Blacks
hate_video_236.mp4,Hate,"[['00:00:21', '00:01:27'], ['00:01:28', '00:04:22']]","Blacks,Jews"
hate_video_237.mp4,Hate,"[['00:00:15', '00:02:22']]",Jews
hate_video_238.mp4,Hate,"[['00:00:06', '00:02:20']]",Blacks
hate_video_239.mp4,Hate,"[['00:00:05', '00:03:21']]",Blacks
hate_video_240.mp4,Hate,"[['00:00:07', '00:03:15']]",Blacks
hate_video_241.mp4,Hate,"[['00:00:11', '00:02:10']]",Jews
hate_video_242.mp4,Hate,"[['00:00:03', '00:03:16']]",Jews
hate_video_243.mp4,Hate,"[['00:00:00', '00:01:58'], ['00:01:59', '00:04:11']]",Blacks
hate_video_244.mp4,Hate,"[['00:00:06', '00:02:20'], ['00:02:20', '00:04:43']]",Blacks
hate_video_245.mp4,Hate,"[['00:00:14', '00:03:12']]",Blacks
hate_video_246.mp4,Hate,"[['00:00:03', '00:03:22']]",Blacks
hate_video_247.mp4,Hate,"[['00:00:00', '00:01:23'], ['00:01:26', '00:03:34']]",Jews
hate_video_248.mp4,Hate,"[['00:00:14', '00:02:28']]",Blacks
hate_video_249.mp4,Hate,"[['00:00:20', '00:01:10'], ['00:01:24', '00:02:53']]",Blacks
hate_video_250.mp4,Hate,"[['00:00:11', '00:01:40']]",Jews
hate_video_251.mp4,Hate,"[['00:00:25', '00:02:20'], ['00:02:22', '00:04:10']]",Blacks
non_hate_video_329.mp4,Non Hate,,Jews
hate_video_252.mp4,Hate,"[['00:00:22', '00:03:13']]",Blacks
hate_video_253.mp4,Hate,"[['00:00:22', '00:03:01']]",Blacks
hate_video_254.mp4,Hate,"[['00:00:06', '00:01:52'], ['00:02:13', '00:03:13']]",Blacks
hate_video_255.mp4,Hate,"[['00:00:10', '00:03:19']]",Blacks
non_hate_video_330.mp4,Non Hate,,Others
hate_video_256.mp4,Hate,"[['00:00:20', '00:03:25']]",Blacks
hate_video_257.mp4,Hate,"[['00:00:09', '00:02:48']]",Jews
hate_video_258.mp4,Hate,"[['00:00:02', '00:02:25']]",Blacks
hate_video_259.mp4,Hate,"[['00:00:20', '00:03:31']]",Jews
hate_video_260.mp4,Hate,"[['00:00:50', '00:01:50']]",Jews
non_hate_video_331.mp4,Non Hate,,Others
hate_video_261.mp4,Hate,"[['00:00:07', '00:01:40']]",Blacks
hate_video_262.mp4,Hate,"[['00:00:29', '00:03:39']]",Jews
non_hate_video_332.mp4,Non Hate,,Others
non_hate_video_333.mp4,Non Hate,,Others
hate_video_263.mp4,Hate,"[['00:00:06', '00:01:18']]",Blacks
non_hate_video_334.mp4,Non Hate,,Whites
non_hate_video_335.mp4,Non Hate,,Whites
non_hate_video_336.mp4,Non Hate,,Others
non_hate_video_337.mp4,Non Hate,,Others
non_hate_video_338.mp4,Non Hate,,Blacks
non_hate_video_339.mp4,Non Hate,,Others
non_hate_video_340.mp4,Non Hate,,Others
non_hate_video_341.mp4,Non Hate,,Others
non_hate_video_342.mp4,Non Hate,,Others
non_hate_video_343.mp4,Non Hate,,Blacks
hate_video_264.mp4,Hate,"[['00:00:06', '00:00:57'], ['00:01:10', '00:01:53']]",Blacks
non_hate_video_344.mp4,Non Hate,,Others
non_hate_video_345.mp4,Non Hate,,Blacks
non_hate_video_346.mp4,Non Hate,,Others
non_hate_video_347.mp4,Non Hate,,Others
hate_video_265.mp4,Hate,"[['00:01:36', '00:01:49']]","Blacks,Jews"
non_hate_video_348.mp4,Non Hate,,Blacks
non_hate_video_349.mp4,Non Hate,,Blacks
non_hate_video_350.mp4,Non Hate,,Others
hate_video_266.mp4,Hate,"[['00:00:24', '00:00:29'], ['00:00:31', '00:00:35'], ['00:03:18', '00:03:30']]",Blacks
non_hate_video_351.mp4,Non Hate,,Others
hate_video_267.mp4,Hate,"[['00:00:29', '00:00:34'], ['00:00:36', '00:00:39'], ['00:00:42', '00:00:44'], ['00:00:48', '00:00:50'], ['00:01:42', '00:01:48'], ['00:01:53', '00:01:54'], ['00:01:59', '00:02:00']]",Blacks
non_hate_video_352.mp4,Non Hate,,Muslims
non_hate_video_353.mp4,Non Hate,,Blacks
non_hate_video_354.mp4,Non Hate,,Blacks
hate_video_268.mp4,Hate,"[['00:00:06', '00:00:07']]",Blacks
non_hate_video_355.mp4,Non Hate,,Others
non_hate_video_356.mp4,Non Hate,,Others
non_hate_video_357.mp4,Non Hate,,Others
hate_video_269.mp4,Hate,"[['00:00:00', '00:00:05'], ['00:00:23', '00:00:26'], ['00:00:28', '00:00:33'], ['00:01:07', '00:01:17'], ['00:02:13', '00:02:31'], ['00:03:26', '00:03:31']]","Blacks,Jews"
non_hate_video_358.mp4,Non Hate,,Blacks
hate_video_270.mp4,Hate,"[['00:00:19', '00:00:23'], ['00:00:27', '00:00:44'], ['00:01:14', '00:01:26'], ['00:01:14', '00:01:26'], ['00:01:30', '00:01:38'], ['00:01:59', '00:02:18'], ['00:02:21', '00:02:35']]",Blacks
non_hate_video_359.mp4,Non Hate,,Others
hate_video_271.mp4,Hate,"[['00:00:06', '00:00:07'], ['00:00:09', '00:00:13'], ['00:00:23', '00:00:35'], ['00:00:51', '00:00:53']]",Blacks
hate_video_272.mp4,Hate,"[['00:00:00', '00:00:01']]",Blacks
hate_video_273.mp4,Hate,"[['00:00:40', '00:00:43'], ['00:01:23', '00:01:27'], ['00:01:59', '00:02:10'], ['00:02:49', '00:02:53']]",Blacks
hate_video_274.mp4,Hate,"[['00:00:11', '00:00:16']]",Blacks
non_hate_video_360.mp4,Non Hate,,Others
non_hate_video_361.mp4,Non Hate,,Others
non_hate_video_362.mp4,Non Hate,,Others
non_hate_video_363.mp4,Non Hate,,Others
non_hate_video_364.mp4,Non Hate,,Others
hate_video_275.mp4,Hate,"[['00:00:03', '00:00:05'], ['00:00:10', '00:00:15'], ['00:00:30', '00:00:33']]",Blacks
hate_video_276.mp4,Hate,"[['00:00:12', '00:00:14']]",Blacks
non_hate_video_365.mp4,Non Hate,,Others
non_hate_video_366.mp4,Non Hate,,Others
non_hate_video_367.mp4,Non Hate,,Others
hate_video_277.mp4,Hate,"[['00:00:58', '00:01:15'], ['00:01:34', '00:01:41'], ['00:02:58', '00:03:03'], ['00:03:49', '00:03:51']]",Blacks
non_hate_video_368.mp4,Non Hate,,Others
non_hate_video_369.mp4,Non Hate,,Blacks
hate_video_278.mp4,Hate,"[['00:00:00', '00:00:09'], ['00:00:14', '00:00:26'], ['00:00:34', '00:00:39'], ['00:00:45', '00:00:49'], ['00:00:51', '00:00:58'], ['00:01:03', '00:01:09'], ['00:01:44', '00:01:50'], ['00:01:56', '00:02:05'], ['00:02:07', '00:02:11'], ['00:02:12', '00:02:20'], ['00:02:34', '00:02:42'], ['00:02:46', '00:02:52'], ['00:03:10', '00:03:14'], ['00:03:17', '00:03:20'], ['00:03:21', '00:03:29'], ['00:03:31', '00:03:45']]",Blacks
non_hate_video_370.mp4,Non Hate,,Blacks
non_hate_video_371.mp4,Non Hate,,Others
non_hate_video_372.mp4,Non Hate,,Blacks
hate_video_279.mp4,Hate,"[['00:00:06', '00:00:14']]",Blacks
non_hate_video_373.mp4,Non Hate,,Others
non_hate_video_374.mp4,Non Hate,,Others
non_hate_video_375.mp4,Non Hate,,Others
non_hate_video_376.mp4,Non Hate,,Blacks
hate_video_280.mp4,Hate,"[['00:00:22', '00:00:34'], ['00:00:36', '00:00:50'], ['00:00:52', '00:01:01'], ['00:01:20', '00:01:25'], ['00:01:34', '00:01:37'], ['00:01:38', '00:01:43'], ['00:02:01', '00:02:36']]","Muslims,Blacks,LGBTQ"
non_hate_video_377.mp4,Non Hate,,Others
non_hate_video_378.mp4,Non Hate,,Others
hate_video_281.mp4,Hate,"[['00:00:10', '00:00:28'], ['00:00:30', '00:00:47'], ['00:00:48', '00:00:55'], ['00:01:08', '00:01:16'], ['00:01:19', '00:01:29'], ['00:01:34', '00:01:53']]",Blacks
hate_video_282.mp4,Hate,"[['00:00:49', '00:00:59']]",Blacks
non_hate_video_379.mp4,Non Hate,,Others
non_hate_video_380.mp4,Non Hate,,Blacks
hate_video_283.mp4,Hate,"[['00:00:01', '00:00:08'], ['00:00:10', '00:00:33'], ['00:00:35', '00:00:41'], ['00:00:45', '00:00:53'], ['00:01:19', '00:01:44'], ['00:02:05', '00:02:22'], ['00:02:30', '00:02:53'], ['00:03:39', '00:04:01']]",Blacks
hate_video_284.mp4,Hate,"[['00:00:06', '00:00:17'], ['00:00:23', '00:00:25'], ['00:00:44', '00:00:45'], ['00:00:59', '00:01:06'], ['00:01:11', '00:01:19'], ['00:01:25', '00:01:27'], ['00:01:45', '00:01:48'], ['00:02:05', '00:02:08'], ['00:02:19', '00:02:22'], ['00:02:27', '00:02:29'], ['00:02:48', '00:02:50'], ['00:02:56', '00:03:00'], ['00:03:10', '00:03:12'], ['00:03:30', '00:03:32'], ['00:03:47', '00:03:52'], ['00:04:09', '00:04:12'], ['00:04:17', '00:04:19'], ['00:04:24', '00:04:33'], ['00:04:35', '00:04:39']]",Blacks
non_hate_video_381.mp4,Non Hate,,Others
hate_video_285.mp4,Hate,"[['00:00:05', '00:00:22'], ['00:00:46', '00:00:44'], ['00:00:46', '00:00:52'], ['00:01:15', '00:01:32'], ['00:02:23', '00:02:31'], ['00:02:32', '00:02:39'], ['00:03:00', '00:03:08'], ['00:03:50', '00:04:07']]",Blacks
hate_video_286.mp4,Hate,"[['00:00:12', '00:00:19'], ['00:00:20', '00:00:40'], ['00:00:45', '00:01:00'], ['00:01:13', '00:01:23'], ['00:01:25', '00:01:34'], ['00:01:37', '00:01:40'], ['00:01:42', '00:01:51'], ['00:01:55', '00:02:01']]","Blacks,Jews"
hate_video_287.mp4,Hate,"[['00:00:19', '00:00:22'], ['00:00:35', '00:00:38'], ['00:01:05', '00:01:13'], ['00:01:52', '00:01:54'], ['00:02:06', '00:02:21']]",Blacks
hate_video_288.mp4,Hate,"[['00:00:22', '00:00:35'], ['00:00:36', '00:00:38'], ['00:00:58', '00:01:06'], ['00:01:55', '00:02:08'], ['00:02:09', '00:02:27']]",Blacks
hate_video_289.mp4,Hate,"[['00:01:31', '00:01:46']]",Jews
non_hate_video_382.mp4,Non Hate,,Blacks
non_hate_video_383.mp4,Non Hate,,Others
non_hate_video_384.mp4,Non Hate,,Blacks
non_hate_video_385.mp4,Non Hate,,Blacks
non_hate_video_386.mp4,Non Hate,,Blacks
non_hate_video_387.mp4,Non Hate,,Blacks
non_hate_video_388.mp4,Non Hate,,Others
hate_video_290.mp4,Hate,"[['00:00:10', '00:00:28'], ['00:00:46', '00:00:57'], ['00:01:19', '00:01:25'], ['00:01:27', '00:01:56'], ['00:02:06', '00:02:11']]",Blacks
non_hate_video_389.mp4,Non Hate,,Blacks
non_hate_video_390.mp4,Non Hate,,Others
non_hate_video_391.mp4,Non Hate,,Blacks
non_hate_video_392.mp4,Non Hate,,Blacks
non_hate_video_393.mp4,Non Hate,,Others
hate_video_291.mp4,Hate,"[['00:00:03', '00:00:16'], ['00:00:19', '00:00:31'], ['00:00:32', '00:00:37'], ['00:00:38', '00:00:44'], ['00:00:48', '00:00:58'], ['00:01:03', '00:01:05'], ['00:01:25', '00:01:36'], ['00:01:38', '00:01:51'], ['00:01:51', '00:02:03'], ['00:02:04', '00:02:15'], ['00:02:16', '00:02:25']]",Blacks
hate_video_292.mp4,Hate,"[['00:00:03', '00:00:14'], ['00:00:21', '00:00:35'], ['00:01:05', '00:01:14'], ['00:01:30', '00:01:55'], ['00:01:55', '00:02:08']]",Blacks
non_hate_video_394.mp4,Non Hate,,Blacks
hate_video_293.mp4,Hate,"[['00:02:20', '00:02:41']]",Blacks
hate_video_294.mp4,Hate,"[['00:00:04', '00:02:24']]",Blacks
non_hate_video_395.mp4,Non Hate,,Others
hate_video_295.mp4,Hate,"[['00:00:32', '00:02:55']]",Others
non_hate_video_396.mp4,Non Hate,,Blacks
non_hate_video_397.mp4,Non Hate,,Blacks
non_hate_video_398.mp4,Non Hate,,Blacks
hate_video_296.mp4,Hate,"[['00:00:09', '00:03:15']]",Blacks
non_hate_video_399.mp4,Non Hate,,Others
hate_video_297.mp4,Hate,"[['00:00:05', '00:01:27']]",Blacks
non_hate_video_400.mp4,Non Hate,,Blacks
non_hate_video_401.mp4,Non Hate,,Others
non_hate_video_402.mp4,Non Hate,,Blacks
non_hate_video_403.mp4,Non Hate,,Blacks
hate_video_298.mp4,Hate,"[['00:00:13', '00:04:08']]",Blacks
hate_video_299.mp4,Hate,"[['00:00:21', '00:00:39']]",
hate_video_300.mp4,Hate,"[['00:00:24', '00:00:52'], ['00:01:24', '00:01:59']]",Blacks
non_hate_video_404.mp4,Non Hate,,Others
non_hate_video_405.mp4,Non Hate,,Muslims
non_hate_video_406.mp4,Non Hate,,Others
hate_video_301.mp4,Hate,"[['00:00:30', '00:03:52']]",Blacks
hate_video_302.mp4,Hate,"[['00:00:08', '00:03:03']]",Whites
hate_video_303.mp4,Hate,"[['00:00:06', '00:03:31']]",Blacks
hate_video_304.mp4,Hate,"[['00:00:42', '00:00:58'], ['00:01:59', '00:02:14']]",Muslims
non_hate_video_407.mp4,Non Hate,,Others
hate_video_305.mp4,Hate,"[['00:00:16', '00:02:15']]",Blacks
hate_video_306.mp4,Hate,"[['00:00:09', '00:02:49']]",Blacks
non_hate_video_408.mp4,Non Hate,,Others
hate_video_307.mp4,Hate,"[['00:00:08', '00:03:33']]",Blacks
non_hate_video_409.mp4,Non Hate,,Others
non_hate_video_410.mp4,Non Hate,,Others
hate_video_308.mp4,Hate,"[['00:00:15', '00:03:13']]","Blacks,Others"
non_hate_video_411.mp4,Non Hate,,Others
non_hate_video_412.mp4,Non Hate,,Blacks
hate_video_309.mp4,Hate,"[['00:00:19', '00:03:28']]",Blacks
hate_video_310.mp4,Hate,"[['00:00:11', '00:03:11']]",Whites
non_hate_video_413.mp4,Non Hate,,Others
non_hate_video_414.mp4,Non Hate,,Others
non_hate_video_415.mp4,Non Hate,,Others
non_hate_video_416.mp4,Non Hate,,Others
non_hate_video_417.mp4,Non Hate,,Others
non_hate_video_418.mp4,Non Hate,,Others
non_hate_video_419.mp4,Non Hate,,Others
non_hate_video_420.mp4,Non Hate,,Others
non_hate_video_421.mp4,Non Hate,,Others
hate_video_311.mp4,Hate,"[['00:00:11', '00:03:47']]","Blacks,LGBTQ"
hate_video_312.mp4,Hate,"[['00:00:21', '00:01:42']]",Blacks
non_hate_video_422.mp4,Non Hate,,Others
non_hate_video_423.mp4,Non Hate,,Others
non_hate_video_424.mp4,Non Hate,,Others
non_hate_video_425.mp4,Non Hate,,Others
non_hate_video_426.mp4,Non Hate,,Others
non_hate_video_427.mp4,Non Hate,,Others
non_hate_video_428.mp4,Non Hate,,LGBTQ
hate_video_313.mp4,Hate,"[['00:00:19', '00:02:00']]",Blacks
non_hate_video_429.mp4,Non Hate,,Others
non_hate_video_430.mp4,Non Hate,,Others
non_hate_video_431.mp4,Non Hate,,Others
non_hate_video_432.mp4,Non Hate,,Others
non_hate_video_433.mp4,Non Hate,,Others
non_hate_video_434.mp4,Non Hate,,Others
non_hate_video_435.mp4,Non Hate,,Jews
non_hate_video_436.mp4,Non Hate,,Others
hate_video_314.mp4,Hate,"[['00:00:06', '00:00:39'], ['00:00:50', '00:00:54'], ['00:01:53', '00:02:08']]",Blacks
non_hate_video_437.mp4,Non Hate,,Others
hate_video_315.mp4,Hate,"[['00:00:09', '00:02:57']]",Blacks
non_hate_video_438.mp4,Non Hate,,Others
non_hate_video_439.mp4,Non Hate,,Others
hate_video_316.mp4,Hate,"[['00:00:03', '00:02:14']]",Blacks
non_hate_video_440.mp4,Non Hate,,Others
hate_video_317.mp4,Hate,"[['00:00:10', '00:01:22']]",Whites
hate_video_318.mp4,Hate,"[['00:00:01', '00:00:17']]",Blacks
hate_video_319.mp4,Hate,"[['00:00:04', '00:00:30'], ['00:01:19', '00:01:26']]",Blacks
hate_video_320.mp4,Hate,"[['00:00:00', '00:00:05']]",Blacks
non_hate_video_441.mp4,Non Hate,,Jews
non_hate_video_442.mp4,Non Hate,,Others
hate_video_321.mp4,Hate,"[['00:00:10', '00:02:05']]",Blacks
hate_video_322.mp4,Hate,"[['00:00:27', '00:03:17']]",Blacks
hate_video_323.mp4,Hate,"[['00:00:03', '00:00:31']]",Blacks
non_hate_video_443.mp4,Non Hate,,Others
non_hate_video_444.mp4,Non Hate,,Others
non_hate_video_445.mp4,Non Hate,,Others
non_hate_video_446.mp4,Non Hate,,Others
hate_video_324.mp4,Hate,"[['00:00:03', '00:03:31']]",Blacks
non_hate_video_447.mp4,Non Hate,,Blacks
non_hate_video_448.mp4,Non Hate,,Others
non_hate_video_449.mp4,Non Hate,,Others
non_hate_video_450.mp4,Non Hate,,Others
non_hate_video_451.mp4,Non Hate,,Blacks
hate_video_325.mp4,Hate,"[['00:00:00', '00:00:04']]",Blacks
hate_video_326.mp4,Hate,"[['00:00:06', '00:00:10'], ['00:00:43', '00:00:48']]",Blacks
hate_video_327.mp4,Hate,"[['00:00:03', '00:00:44']]",Whites
hate_video_328.mp4,Hate,"[['00:00:02', '00:02:38']]",Blacks
hate_video_329.mp4,Hate,"[['00:00:02', '00:00:07']]",Blacks
non_hate_video_452.mp4,Non Hate,,Others
non_hate_video_453.mp4,Non Hate,,Others
non_hate_video_454.mp4,Non Hate,,Others
hate_video_330.mp4,Hate,"[['00:00:05', '00:03:14']]","Blacks,Muslims"
hate_video_331.mp4,Hate,"[['00:00:19', '00:06:15']]",Blacks
non_hate_video_455.mp4,Non Hate,,Blacks
hate_video_332.mp4,Hate,"[['00:00:58', '00:02:43'], ['00:02:54', '00:06:37']]","Blacks,LGBTQ"
hate_video_333.mp4,Hate,"[['00:00:12', '00:02:55']]",Blacks
non_hate_video_456.mp4,Non Hate,,Others
hate_video_334.mp4,Hate,"[['00:00:16', '00:00:24']]","Blacks,LGBTQ"
hate_video_335.mp4,Hate,"[['00:00:00', '00:00:34']]","Blacks,Muslims"
hate_video_336.mp4,Hate,"[['00:00:11', '00:00:58']]","Blacks,Jews"
non_hate_video_457.mp4,Non Hate,,Blacks
hate_video_337.mp4,Hate,"[['00:00:00', '00:01:49']]",Blacks
non_hate_video_458.mp4,Non Hate,,Muslims
hate_video_338.mp4,Hate,"[['00:00:18', '00:02:00']]",Blacks
non_hate_video_459.mp4,Non Hate,,Others
non_hate_video_460.mp4,Non Hate,,Blacks
non_hate_video_461.mp4,Non Hate,,Blacks
non_hate_video_462.mp4,Non Hate,,Blacks
hate_video_339.mp4,Hate,"[['00:00:39', '00:02:02']]",Blacks
non_hate_video_463.mp4,Non Hate,,Blacks
non_hate_video_464.mp4,Non Hate,,Others
non_hate_video_465.mp4,Non Hate,,Others
hate_video_340.mp4,Hate,"[['00:00:03', '00:04:40']]",Blacks
non_hate_video_466.mp4,Non Hate,,Blacks
non_hate_video_467.mp4,Non Hate,,Others
non_hate_video_468.mp4,Non Hate,,Others
hate_video_341.mp4,Hate,"[['00:00:00', '00:00:56']]",Blacks
non_hate_video_469.mp4,Non Hate,,LGBTQ
non_hate_video_470.mp4,Non Hate,,Others
hate_video_342.mp4,Hate,"[['00:00:00', '00:01:00']]",Blacks
non_hate_video_471.mp4,Non Hate,,Jews
hate_video_343.mp4,Hate,"[['00:00:00', '00:01:10']]","Blacks,Jews"
non_hate_video_472.mp4,Non Hate,,Others
non_hate_video_473.mp4,Non Hate,,Others
non_hate_video_474.mp4,Non Hate,,Others
non_hate_video_475.mp4,Non Hate,,Others
non_hate_video_476.mp4,Non Hate,,Others
hate_video_344.mp4,Hate,"[['00:00:00', '00:02:19'], ['00:02:20', '00:04:03']]",Blacks
non_hate_video_477.mp4,Non Hate,,Blacks
hate_video_345.mp4,Hate,"[['00:00:00', '00:00:36']]",Blacks
hate_video_346.mp4,Hate,"[['00:00:32', '00:02:51']]",Blacks
hate_video_347.mp4,Hate,"[['00:00:00', '00:00:13']]",Blacks
non_hate_video_478.mp4,Non Hate,,Blacks
non_hate_video_479.mp4,Non Hate,,Blacks
non_hate_video_480.mp4,Non Hate,,Others
non_hate_video_481.mp4,Non Hate,,"Blacks,Others"
non_hate_video_482.mp4,Non Hate,,Blacks
non_hate_video_483.mp4,Non Hate,,Blacks
non_hate_video_484.mp4,Non Hate,,Blacks
non_hate_video_485.mp4,Non Hate,,Blacks
non_hate_video_486.mp4,Non Hate,,Blacks
non_hate_video_487.mp4,Non Hate,,Others
non_hate_video_488.mp4,Non Hate,,Others
non_hate_video_489.mp4,Non Hate,,Others
hate_video_348.mp4,Hate,"[['00:00:06', '00:00:34']]",Blacks
non_hate_video_490.mp4,Non Hate,,Blacks
non_hate_video_491.mp4,Non Hate,,Blacks
non_hate_video_492.mp4,Non Hate,,Others
non_hate_video_493.mp4,Non Hate,,"Blacks,Others"
non_hate_video_494.mp4,Non Hate,,Blacks
non_hate_video_495.mp4,Non Hate,,Blacks
non_hate_video_496.mp4,Non Hate,,Muslims
non_hate_video_497.mp4,Non Hate,,Blacks
non_hate_video_498.mp4,Non Hate,,Blacks
non_hate_video_499.mp4,Non Hate,,Others
non_hate_video_500.mp4,Non Hate,,"Blacks,Others"
hate_video_349.mp4,Hate,"[['00:00:00', '00:01:44']]",Blacks
non_hate_video_501.mp4,Non Hate,,Blacks
non_hate_video_502.mp4,Non Hate,,"Asian,Blacks"
non_hate_video_503.mp4,Non Hate,,Blacks
non_hate_video_504.mp4,Non Hate,,Blacks
hate_video_350.mp4,Hate,"[['00:00:28', '00:01:37']]",Blacks
non_hate_video_505.mp4,Non Hate,,Blacks
hate_video_351.mp4,Hate,"[['00:00:15', '00:02:39']]",Blacks
hate_video_352.mp4,Hate,"[['00:00:00', '00:01:43']]",Blacks
non_hate_video_506.mp4,Non Hate,,Blacks
non_hate_video_507.mp4,Non Hate,,Blacks
non_hate_video_508.mp4,Non Hate,,Blacks
hate_video_353.mp4,Hate,"[['00:01:45', '00:03:00']]",Blacks
non_hate_video_509.mp4,Non Hate,,Blacks
non_hate_video_510.mp4,Non Hate,,Blacks
non_hate_video_511.mp4,Non Hate,,Blacks
hate_video_354.mp4,Hate,"[['00:00:00', '00:00:20']]",Blacks
hate_video_355.mp4,Hate,"[['00:00:40', '00:01:40'], ['00:02:06', '00:03:06']]",Blacks
hate_video_356.mp4,Hate,"[['00:00:04', '00:01:56']]",Blacks
hate_video_357.mp4,Hate,"[['00:00:10', '00:00:18']]",Blacks
non_hate_video_512.mp4,Non Hate,,Others
non_hate_video_513.mp4,Non Hate,,Blacks
non_hate_video_514.mp4,Non Hate,,Blacks
non_hate_video_515.mp4,Non Hate,,Blacks
hate_video_358.mp4,Hate,"[['00:00:00', '00:00:05']]",Blacks
non_hate_video_516.mp4,Non Hate,,Blacks
hate_video_359.mp4,Hate,"[['00:00:00', '00:01:39']]",Blacks
hate_video_360.mp4,Hate,"[['00:00:20', '00:01:22']]",Blacks
non_hate_video_517.mp4,Non Hate,,Blacks
non_hate_video_518.mp4,Non Hate,,Blacks
non_hate_video_519.mp4,Non Hate,,"Whites,Blacks"
hate_video_361.mp4,Hate,"[['00:00:07', '00:01:04'], ['00:02:07', '00:03:56']]",Blacks
hate_video_362.mp4,Hate,"[['00:01:27', '00:01:34'], ['00:02:14', '00:02:19']]",['Jews']
hate_video_363.mp4,Hate,"[['00:00:00', '00:01:44']]",['Jews']
non_hate_video_520.mp4,Non Hate,,[]
hate_video_364.mp4,Hate,"[['00:00:55', '00:02:59']]",['Jews']
non_hate_video_521.mp4,Non Hate,,[]
non_hate_video_522.mp4,Non Hate,,[]
non_hate_video_523.mp4,Non Hate,,[]
hate_video_365.mp4,Hate,"[['00:00:12', '00:00:20']]",['Others']
non_hate_video_524.mp4,Non Hate,,[]
non_hate_video_525.mp4,Non Hate,,[]
hate_video_366.mp4,Hate,"[['00:00:00', '00:04:05']]","['LGBTQ', 'Jews']"
hate_video_367.mp4,Hate,"[['00:00:00', '00:01:21']]",['Jews']
non_hate_video_526.mp4,Non Hate,,[]
non_hate_video_527.mp4,Non Hate,,[]
non_hate_video_528.mp4,Non Hate,,[]
hate_video_368.mp4,Hate,"[['00:00:40', '00:02:33']]",['Jews']
non_hate_video_529.mp4,Non Hate,,[]
hate_video_369.mp4,Hate,"[['00:00:00', '00:03:57']]",['Muslims']
non_hate_video_530.mp4,Non Hate,,[]
hate_video_370.mp4,Hate,"[['00:00:14', '00:00:53'], ['00:00:53', '00:01:48']]","['LGBTQ', 'Jews']"
non_hate_video_531.mp4,Non Hate,,[]
non_hate_video_532.mp4,Non Hate,,[]
non_hate_video_533.mp4,Non Hate,,[]
hate_video_371.mp4,Hate,"[['00:00:00', '00:01:11']]",['Whites']
hate_video_372.mp4,Hate,"[['00:00:20', '00:03:08']]",['Jews']
non_hate_video_534.mp4,Non Hate,,Jews
non_hate_video_535.mp4,Non Hate,,[]
hate_video_373.mp4,Hate,"[['00:00:00', '00:03:57']]","['Blacks', 'Jews']"
non_hate_video_536.mp4,Non Hate,,[]
hate_video_374.mp4,Hate,"[['00:00:26', '00:04:05']]",['Jews']
non_hate_video_537.mp4,Non Hate,,[]
hate_video_375.mp4,Hate,"[['00:00:00', '00:01:14'], ['00:02:18', '00:03:22']]",['Jews']
hate_video_376.mp4,Hate,"[['00:02:08', '00:02:57']]","['Blacks', 'Whites']"
non_hate_video_538.mp4,Non Hate,,[]
non_hate_video_539.mp4,Non Hate,,[]
hate_video_377.mp4,Hate,"[['00:00:13', '00:00:27']]",['Jews']
non_hate_video_540.mp4,Non Hate,,Others
non_hate_video_541.mp4,Non Hate,,[]
non_hate_video_542.mp4,Non Hate,,[]
hate_video_378.mp4,Hate,"[['00:03:19', '00:04:59']]",['Jews']
non_hate_video_543.mp4,Non Hate,,[]
hate_video_379.mp4,Hate,"[['00:00:00', '00:04:01']]","['Blacks', 'Jews']"
hate_video_380.mp4,Hate,"[['00:00:16', '00:01:59']]",['Whites']
non_hate_video_544.mp4,Non Hate,,[]
non_hate_video_545.mp4,Non Hate,,[]
non_hate_video_546.mp4,Non Hate,,[]
hate_video_381.mp4,Hate,"[['00:00:47', '00:01:21']]",['Jews']
non_hate_video_547.mp4,Non Hate,,[]
non_hate_video_548.mp4,Non Hate,,[]
non_hate_video_549.mp4,Non Hate,,[]
hate_video_382.mp4,Hate,"[['00:00:19', '00:03:33']]",['Jews']
non_hate_video_550.mp4,Non Hate,,[]
non_hate_video_551.mp4,Non Hate,,[]
hate_video_383.mp4,Hate,"[['00:00:00', '00:02:20']]",['Whites']
non_hate_video_552.mp4,Non Hate,,[]
non_hate_video_553.mp4,Non Hate,,['Others']
non_hate_video_554.mp4,Non Hate,,['Others']
non_hate_video_555.mp4,Non Hate,,['Others']
non_hate_video_556.mp4,Non Hate,,['Others']
non_hate_video_557.mp4,Non Hate,,['Others']
hate_video_384.mp4,Hate,"[['00:00:00', '00:01:33']]",['Jews']
hate_video_385.mp4,Hate,"[['00:00:00', '00:00:12']]",['Jews']
non_hate_video_558.mp4,Non Hate,,['Others']
non_hate_video_559.mp4,Non Hate,,['Others']
non_hate_video_560.mp4,Non Hate,,['Jews']
hate_video_386.mp4,Hate,"[['00:00:24', '00:03:41']]",['Jews']
non_hate_video_561.mp4,Non Hate,,['Jews']
non_hate_video_562.mp4,Non Hate,,['Jews']
non_hate_video_563.mp4,Non Hate,,['Jews']
non_hate_video_564.mp4,Non Hate,,['LGBTQ']
hate_video_387.mp4,Hate,"[['00:00:11', '00:02:00']]","['Blacks', 'Jews']"
hate_video_388.mp4,Hate,"[['00:00:00', '00:00:39']]",['Jews']
hate_video_389.mp4,Hate,"[['00:00:46', '00:01:12']]","['Jews', 'Whites']"
hate_video_390.mp4,Hate,"[['00:00:58', '00:01:21']]",['Jews']
non_hate_video_565.mp4,Non Hate,,['Others']
non_hate_video_566.mp4,Non Hate,,['Others']
non_hate_video_567.mp4,Non Hate,,['Jews']
non_hate_video_568.mp4,Non Hate,,['Others']
non_hate_video_569.mp4,Non Hate,,['Others']
non_hate_video_570.mp4,Non Hate,,['Others']
non_hate_video_571.mp4,Non Hate,,['Others']
non_hate_video_572.mp4,Non Hate,,['Jews']
non_hate_video_573.mp4,Non Hate,,['Others']
non_hate_video_574.mp4,Non Hate,,['Others']
hate_video_391.mp4,Hate,"[['00:00:14', '00:03:36']]",['Jews']
hate_video_392.mp4,Hate,"[['00:01:34', '00:02:08'], ['00:02:13', '00:02:43']]",['Jews']
non_hate_video_575.mp4,Non Hate,,['Others']
hate_video_393.mp4,Hate,"[['00:00:19', '00:00:38'], ['00:00:44', '00:03:05'], ['00:00:44', '00:04:08']]","['Blacks', 'Jews']"
non_hate_video_576.mp4,Non Hate,,['Others']
non_hate_video_577.mp4,Non Hate,,['Jews']
hate_video_394.mp4,Hate,"[['00:00:00', '00:00:15']]",['Jews']
hate_video_395.mp4,Hate,"[['00:00:00', '00:00:38']]",['Jews']
hate_video_396.mp4,Hate,"[['00:00:42', '00:01:00'], ['00:01:53', '00:02:17']]","['Sexits', 'Jews']"
non_hate_video_578.mp4,Non Hate,,['Jews']
non_hate_video_579.mp4,Non Hate,,['Others']
non_hate_video_580.mp4,Non Hate,,['Others']
non_hate_video_581.mp4,Non Hate,,['Jews']
non_hate_video_582.mp4,Non Hate,,['Jews']
hate_video_397.mp4,Hate,"[['00:00:09', '00:00:57']]",['Jews']
non_hate_video_583.mp4,Non Hate,,['Others']
non_hate_video_584.mp4,Non Hate,,['Others']
non_hate_video_585.mp4,Non Hate,,['Whites']
non_hate_video_586.mp4,Non Hate,,['Others']
non_hate_video_587.mp4,Non Hate,,['Others']
non_hate_video_588.mp4,Non Hate,,['Jews']
non_hate_video_589.mp4,Non Hate,,['Others']
non_hate_video_590.mp4,Non Hate,,['Others']
non_hate_video_591.mp4,Non Hate,,['Jews']
hate_video_398.mp4,Hate,"[['00:00:03', '00:04:24']]",['Jews']
non_hate_video_592.mp4,Non Hate,,['Jews']
non_hate_video_593.mp4,Non Hate,,['Others']
hate_video_399.mp4,Hate,"[['00:00:29', '00:02:07']]","['Others', 'Jews']"
hate_video_400.mp4,Hate,"[['00:00:07', '00:02:39']]",['Jews']
non_hate_video_594.mp4,Non Hate,,['Others']
non_hate_video_595.mp4,Non Hate,,['Others']
hate_video_401.mp4,Hate,"[['00:00:00', '00:00:21']]",['Blacks']
non_hate_video_596.mp4,Non Hate,,['Others']
hate_video_402.mp4,Hate,"[['00:00:46', '00:01:56']]",['Jews']
non_hate_video_597.mp4,Non Hate,,['Others']
hate_video_403.mp4,Hate,"[['00:00:05', '00:03:45']]",['Jews']
hate_video_404.mp4,Hate,"[['00:01:15', '00:01:40']]",['Jews']
hate_video_405.mp4,Hate,"[['00:00:00', '00:00:15']]",['Jews']
non_hate_video_598.mp4,Non Hate,,['Others']
hate_video_406.mp4,Hate,"[['00:00:03', '00:03:33']]",['Jews']
hate_video_407.mp4,Hate,"[['00:00:11', '00:00:21']]",['Jews']
hate_video_408.mp4,Hate,"[['00:00:50', '00:00:53']]",['Jews']
hate_video_409.mp4,Hate,"[['00:02:23', '00:03:10']]",['LGBTQ']
hate_video_410.mp4,Hate,"[['00:00:39', '00:00:50']]",['Others']
hate_video_411.mp4,Hate,"[['00:00:08', '00:02:54']]",['Jews']
hate_video_412.mp4,Hate,"[['00:00:07', '00:03:25']]",['Jews']
non_hate_video_599.mp4,Non Hate,,['Jews']
hate_video_413.mp4,Hate,"[['00:00:05', '00:03:50']]",['Jews']
hate_video_414.mp4,Hate,"[['00:00:31', '00:03:58']]","['Blacks', 'Jews']"
hate_video_415.mp4,Hate,"[['00:00:10', '00:03:00']]",['Jews']
non_hate_video_600.mp4,Non Hate,,['Jews']
hate_video_416.mp4,Hate,"[['00:00:21', '00:01:05']]",['Jews']
non_hate_video_601.mp4,Non Hate,,['Others']
non_hate_video_602.mp4,Non Hate,,['Jews']
non_hate_video_603.mp4,Non Hate,,['Others']
non_hate_video_604.mp4,Non Hate,,['Others']
non_hate_video_605.mp4,Non Hate,,['Others']
non_hate_video_606.mp4,Non Hate,,['Others']
non_hate_video_607.mp4,Non Hate,,['Others']
non_hate_video_608.mp4,Non Hate,,['Muslims']
non_hate_video_609.mp4,Non Hate,,['Others']
non_hate_video_610.mp4,Non Hate,,['Jews']
non_hate_video_611.mp4,Non Hate,,['Others']
hate_video_417.mp4,Hate,"[['00:00:17', '00:03:20']]",['Others']
non_hate_video_612.mp4,Non Hate,,['Others']
hate_video_418.mp4,Hate,"[['00:00:00', '00:01:46']]",['Jews']
non_hate_video_613.mp4,Non Hate,,['Others']
non_hate_video_614.mp4,Non Hate,,['Others']
hate_video_419.mp4,Hate,"[['00:00:04', '00:01:46']]",['Jews']
non_hate_video_615.mp4,Non Hate,,['Jews']
non_hate_video_616.mp4,Non Hate,,['Others']
non_hate_video_617.mp4,Non Hate,,['Jews']
non_hate_video_618.mp4,Non Hate,,['Jews']
non_hate_video_619.mp4,Non Hate,,['Others']
hate_video_420.mp4,Hate,"[['00:00:01', '00:00:17'], ['00:00:23', '00:00:36'], ['00:00:56', '00:01:38']]",['Others']
non_hate_video_620.mp4,Non Hate,,['Others']
non_hate_video_621.mp4,Non Hate,,['Others']
non_hate_video_622.mp4,Non Hate,,['Others']
hate_video_421.mp4,Hate,"[['00:00:01', '00:00:46']]",['Jews']
non_hate_video_623.mp4,Non Hate,,['Others']
non_hate_video_624.mp4,Non Hate,,['Others']
non_hate_video_625.mp4,Non Hate,,['Others']
hate_video_422.mp4,Hate,"[['00:00:10', '00:02:51']]",['Jews']
hate_video_423.mp4,Hate,"[['00:00:10', '00:03:15']]",['Jews']
non_hate_video_626.mp4,Non Hate,,['Others']
non_hate_video_627.mp4,Non Hate,,['Jews']
non_hate_video_628.mp4,Non Hate,,['Others']
non_hate_video_629.mp4,Non Hate,,['Jews']
hate_video_424.mp4,Hate,"[['00:00:03', '00:01:50'], ['00:02:43', '00:03:45']]",['Jews']
hate_video_425.mp4,Hate,"[['00:00:29', '00:03:09']]","['Blacks', 'Whites']"
hate_video_426.mp4,Hate,"[['00:00:00', '00:00:16']]",['Jews']
non_hate_video_630.mp4,Non Hate,,['Others']
non_hate_video_631.mp4,Non Hate,,['Jews']
non_hate_video_632.mp4,Non Hate,,['Jews']
non_hate_video_633.mp4,Non Hate,,['Others']
non_hate_video_634.mp4,Non Hate,,['Blacks']
non_hate_video_635.mp4,Non Hate,,['Others']
non_hate_video_636.mp4,Non Hate,,['Others']
non_hate_video_637.mp4,Non Hate,,['Others']
hate_video_427.mp4,Hate,"[['00:00:01', '00:00:00']]",['Jews']
non_hate_video_638.mp4,Non Hate,,['Others']
non_hate_video_639.mp4,Non Hate,,['Others']
non_hate_video_640.mp4,Non Hate,,['Jews']
non_hate_video_641.mp4,Non Hate,,['Others']
hate_video_428.mp4,Hate,"[['00:00:00', '00:03:45']]",['Others']
non_hate_video_642.mp4,Non Hate,,['Whites']
non_hate_video_643.mp4,Non Hate,,['Others']
hate_video_429.mp4,Hate,"[['00:00:01', '00:00:57']]","['Others', 'Jews']"
non_hate_video_644.mp4,Non Hate,,['Others']
non_hate_video_645.mp4,Non Hate,,['Others']
non_hate_video_646.mp4,Non Hate,,['Jews']
non_hate_video_647.mp4,Non Hate,,['Jews']
non_hate_video_648.mp4,Non Hate,,['Others']
non_hate_video_649.mp4,Non Hate,,"['Others', 'Whites']"
non_hate_video_650.mp4,Non Hate,,['Whites']
hate_video_430.mp4,Hate,"[['00:00:09', '00:04:04']]",['Jews']
non_hate_video_651.mp4,Non Hate,,['Others']
non_hate_video_652.mp4,Non Hate,,['Others']
hate_video_431.mp4,Hate,"[['00:00:02', '00:00:49']]",['Jews']
